{"shape": "ellipse", "rotation": 352, "hash": -1668119383379006131, "center": [100.0, 100.0], "axes": [28, 15], "area": 1319.4689145077132, "perimeter": 138.19311940180478, "eccentricity": 0.8443993155383492}