{"shape": "ellipse", "rotation": -167, "hash": 7767516934957626675, "center": [100.0, 100.0], "axes": [35, 31], "area": 3408.628029144925, "perimeter": 207.53555842149294, "eccentricity": 0.46423076597919777}