{"shape": "ellipse", "rotation": -243, "hash": 3806113395452252179, "center": [100.0, 100.0], "axes": [39, 10], "area": 1225.2211349000193, "perimeter": 167.7268143898375, "eccentricity": 0.966568042306193}