{"shape": "ellipse", "rotation": 273, "hash": 7828143773730376967, "center": [100.0, 100.0], "axes": [31, 10], "area": 973.8937226128359, "perimeter": 137.3963701450182, "eccentricity": 0.9465419839433038}