{"shape": "ellipse", "rotation": 259, "hash": 1215283426970849898, "center": [100.0, 100.0], "axes": [28, 14], "area": 1231.5043202071988, "perimeter": 135.63789536739804, "eccentricity": 0.8660254037844386}