{"shape": "ellipse", "rotation": -266, "hash": -4302960518376303847, "center": [100.0, 100.0], "axes": [34, 10], "area": 1068.1415022205297, "perimeter": 148.71029804773806, "eccentricity": 0.9557692240748189}