{"shape": "ellipse", "rotation": -54, "hash": 6827117355940663451, "center": [100.0, 100.0], "axes": [43, 8], "area": 1080.7078728348888, "perimeter": 179.67680120633443, "eccentricity": 0.9825409383384933}