{"shape": "ellipse", "rotation": -72, "hash": -9012788037423454308, "center": [100.0, 100.0], "axes": [44, 17], "area": 2349.911304885165, "perimeter": 201.14113803553929, "eccentricity": 0.9223465403501374}