{"shape": "ellipse", "rotation": -195, "hash": 123150765898220224, "center": [100.0, 100.0], "axes": [44, 11], "area": 1520.5308443374597, "perimeter": 188.70506525660895, "eccentricity": 0.9682458365518543}