{"shape": "ellipse", "rotation": 194, "hash": 8718445744416946033, "center": [100.0, 100.0], "axes": [36, 6], "area": 678.5840131753953, "perimeter": 149.3507461744955, "eccentricity": 0.9860132971832694}