{"shape": "ellipse", "rotation": -300, "hash": 7077860091565763912, "center": [100.0, 100.0], "axes": [31, 31], "area": 3019.0705400997913, "perimeter": 194.77874452256717, "eccentricity": 0.0}