{"shape": "ellipse", "rotation": -88, "hash": -77560907884557872, "center": [100.0, 100.0], "axes": [41, 14], "area": 1803.274183160541, "perimeter": 183.35939734486567, "eccentricity": 0.9398950667315947}