{"shape": "ellipse", "rotation": 88, "hash": -3236820945445400252, "center": [100.0, 100.0], "axes": [45, 37], "area": 5230.751768227005, "perimeter": 258.2239563775115, "eccentricity": 0.5691665988829199}