{"shape": "ellipse", "rotation": 342, "hash": -1967014252037329189, "center": [100.0, 100.0], "axes": [36, 14], "area": 1583.3626974092558, "perimeter": 164.77657493697197, "eccentricity": 0.9212846639876111}