{"shape": "ellipse", "rotation": -133, "hash": 8395847509489367301, "center": [100.0, 100.0], "axes": [21, 13], "area": 857.6547944300136, "perimeter": 108.29769803492486, "eccentricity": 0.785353452498602}