{"shape": "ellipse", "rotation": -303, "hash": -1633832872684283897, "center": [100.0, 100.0], "axes": [40, 20], "area": 2513.2741228718346, "perimeter": 193.76842195342576, "eccentricity": 0.8660254037844386}