{"shape": "ellipse", "rotation": -243, "hash": -5354999082164319051, "center": [100.0, 100.0], "axes": [21, 7], "area": 461.8141200776996, "perimeter": 93.55107851065094, "eccentricity": 0.9428090415820634}