{"shape": "ellipse", "rotation": -164, "hash": -2459424472673645130, "center": [100.0, 100.0], "axes": [42, 39], "area": 5145.928766580081, "perimeter": 254.55627888634874, "eccentricity": 0.3711537444790451}