{"shape": "ellipse", "rotation": -28, "hash": -508279820953071244, "center": [100.0, 100.0], "axes": [44, 36], "area": 4976.282763286232, "perimeter": 251.95612400862532, "eccentricity": 0.5749595745760689}