{"shape": "ellipse", "rotation": -87, "hash": 648468839156955627, "center": [100.0, 100.0], "axes": [42, 19], "area": 2506.990937564655, "perimeter": 198.5098467134024, "eccentricity": 0.891824800015621}