{"shape": "ellipse", "rotation": 234, "hash": 4027317488607422042, "center": [100.0, 100.0], "axes": [43, 6], "area": 810.5309046261666, "perimeter": 176.7243232715514, "eccentricity": 0.990217156095059}