{"shape": "ellipse", "rotation": 212, "hash": -8447109577991214934, "center": [100.0, 100.0], "axes": [44, 12], "area": 1658.7609210954106, "perimeter": 190.59645871313037, "eccentricity": 0.9620913858416693}