{"shape": "ellipse", "rotation": -284, "hash": 5632162690778840740, "center": [100.0, 100.0], "axes": [26, 12], "area": 980.1769079200155, "perimeter": 123.46648381940489, "eccentricity": 0.8871201995900613}