{"shape": "ellipse", "rotation": 178, "hash": 9077338655092299816, "center": [100.0, 100.0], "axes": [23, 11], "area": 794.8229413582176, "perimeter": 110.16685123322344, "eccentricity": 0.8782178207271373}