{"shape": "ellipse", "rotation": -43, "hash": -2406682345447200940, "center": [100.0, 100.0], "axes": [24, 3], "area": 226.1946710584651, "perimeter": 98.17674379935856, "eccentricity": 0.9921567416492215}