{"shape": "ellipse", "rotation": 283, "hash": 4909483090255898533, "center": [100.0, 100.0], "axes": [42, 20], "area": 2638.9378290154264, "perimeter": 200.95894062897946, "eccentricity": 0.8793421577437804}