{"shape": "ellipse", "rotation": 302, "hash": 7648850861487933121, "center": [100.0, 100.0], "axes": [24, 14], "area": 1055.5751316061705, "perimeter": 121.45638219457626, "eccentricity": 0.8122328620674136}