{"shape": "ellipse", "rotation": 216, "hash": -2333588580402799219, "center": [100.0, 100.0], "axes": [20, 19], "area": 1193.8052083641214, "perimeter": 122.54225273203144, "eccentricity": 0.31224989991991997}