{"shape": "ellipse", "rotation": -287, "hash": -6799443388440268297, "center": [100.0, 100.0], "axes": [35, 8], "area": 879.645943005142, "perimeter": 148.74907361171708, "eccentricity": 0.9735271449943327}