{"shape": "ellipse", "rotation": 241, "hash": 1802586157662495348, "center": [100.0, 100.0], "axes": [28, 13], "area": 1143.5397259066847, "perimeter": 133.15208333748873, "eccentricity": 0.8856854834026603}