{"shape": "ellipse", "rotation": -222, "hash": -5156822676826211149, "center": [100.0, 100.0], "axes": [36, 18], "area": 2035.7520395261859, "perimeter": 174.39157975808317, "eccentricity": 0.8660254037844386}