{"shape": "ellipse", "rotation": -132, "hash": -6430919010788335840, "center": [100.0, 100.0], "axes": [22, 7], "area": 483.8052686528281, "perimeter": 97.30524257355438, "eccentricity": 0.9480297097551913}