{"shape": "ellipse", "rotation": -345, "hash": 6938924553632987025, "center": [100.0, 100.0], "axes": [40, 26], "area": 3267.2563597333847, "perimeter": 209.68410602623752, "eccentricity": 0.7599342076785331}