{"shape": "ellipse", "rotation": 171, "hash": 7647911100838347909, "center": [100.0, 100.0], "axes": [33, 31], "area": 3213.8492846223585, "perimeter": 201.1110202113811, "eccentricity": 0.3428396514843867}