{"shape": "ellipse", "rotation": -253, "hash": -3952673683826786190, "center": [100.0, 100.0], "axes": [21, 14], "area": 923.6282401553992, "perimeter": 111.05806302894774, "eccentricity": 0.7453559924999299}