{"shape": "ellipse", "rotation": 237, "hash": 6617857915975765221, "center": [100.0, 100.0], "axes": [22, 20], "area": 1382.3007675795088, "perimeter": 132.02170187974488, "eccentricity": 0.41659779045053086}