{"shape": "ellipse", "rotation": 85, "hash": 1482250503486450905, "center": [100.0, 100.0], "axes": [34, 19], "area": 2029.4688542190065, "perimeter": 169.85550933507017, "eccentricity": 0.8292865988159814}