{"shape": "ellipse", "rotation": -208, "hash": 7851484961190229509, "center": [100.0, 100.0], "axes": [44, 24], "area": 3317.521842190821, "perimeter": 218.2735417569829, "eccentricity": 0.8381404052084444}