{"shape": "ellipse", "rotation": -211, "hash": 7834162479906475382, "center": [100.0, 100.0], "axes": [42, 12], "area": 1583.3626974092558, "perimeter": 182.9987183358265, "eccentricity": 0.9583148474999099}