{"shape": "ellipse", "rotation": 253, "hash": 7842310860790744141, "center": [100.0, 100.0], "axes": [25, 18], "area": 1413.7166941154069, "perimeter": 135.98496001034798, "eccentricity": 0.6939740629158989}