{"shape": "ellipse", "rotation": -330, "hash": 8544651677512749112, "center": [100.0, 100.0], "axes": [40, 21], "area": 2638.9378290154264, "perimeter": 196.3136944975712, "eccentricity": 0.85110222652746}