{"shape": "ellipse", "rotation": 263, "hash": -1814737035644415699, "center": [100.0, 100.0], "axes": [19, 8], "area": 477.5220833456485, "perimeter": 88.38003992188719, "eccentricity": 0.9070362073481099}