{"shape": "ellipse", "rotation": 336, "hash": 1902606967921424585, "center": [100.0, 100.0], "axes": [17, 5], "area": 267.0353755551324, "perimeter": 74.35514902386903, "eccentricity": 0.9557692240748189}