{"shape": "ellipse", "rotation": 94, "hash": -994230290639902951, "center": [100.0, 100.0], "axes": [29, 10], "area": 911.0618695410401, "perimeter": 129.90324702166578, "eccentricity": 0.9386660406080137}