{"shape": "ellipse", "rotation": 12, "hash": -5441021565624223484, "center": [100.0, 100.0], "axes": [36, 10], "area": 1130.9733552923256, "perimeter": 156.29534698031193, "eccentricity": 0.9606453592105879}