{"shape": "ellipse", "rotation": 236, "hash": 6791362010876499372, "center": [100.0, 100.0], "axes": [41, 9], "area": 1159.2476891746335, "perimeter": 173.59889887139119, "eccentricity": 0.975609756097561}