{"shape": "ellipse", "rotation": 150, "hash": 8765092112144957256, "center": [100.0, 100.0], "axes": [42, 12], "area": 1583.3626974092558, "perimeter": 182.9987183358265, "eccentricity": 0.9583148474999099}