{"shape": "ellipse", "rotation": 194, "hash": -3424801296626738914, "center": [100.0, 100.0], "axes": [37, 5], "area": 581.1946409141117, "perimeter": 151.84589213890058, "eccentricity": 0.9908271772877492}