{"shape": "ellipse", "rotation": 193, "hash": 1968505621336084442, "center": [100.0, 100.0], "axes": [38, 31], "area": 3700.7961459287762, "perimeter": 217.32799885072436, "eccentricity": 0.5783489730483135}