{"shape": "ellipse", "rotation": -116, "hash": 3810545440380207184, "center": [100.0, 100.0], "axes": [42, 28], "area": 3694.512960621597, "perimeter": 222.11612605789549, "eccentricity": 0.7453559924999299}