{"shape": "ellipse", "rotation": -19, "hash": 4427733600571381958, "center": [100.0, 100.0], "axes": [35, 23], "area": 2528.9820861397834, "perimeter": 184.16757295217676, "eccentricity": 0.7537660547584525}