{"shape": "ellipse", "rotation": 51, "hash": 5475533992936159063, "center": [100.0, 100.0], "axes": [29, 20], "area": 1822.1237390820802, "perimeter": 155.2391003654374, "eccentricity": 0.7241379310344828}