{"shape": "ellipse", "rotation": 60, "hash": -724684230949473179, "center": [100.0, 100.0], "axes": [42, 7], "area": 923.6282401553992, "perimeter": 174.2425372035781, "eccentricity": 0.9860132971832694}