{"shape": "ellipse", "rotation": -236, "hash": 915083320486750075, "center": [100.0, 100.0], "axes": [44, 14], "area": 1935.2210746113124, "perimeter": 194.61048514710876, "eccentricity": 0.9480297097551913}