{"shape": "ellipse", "rotation": 331, "hash": 7582597984126597781, "center": [100.0, 100.0], "axes": [14, 9], "area": 395.84067435231395, "perimeter": 73.11286123820808, "eccentricity": 0.7659860924831149}