{"shape": "ellipse", "rotation": 117, "hash": -2788069614356548359, "center": [100.0, 100.0], "axes": [41, 23], "area": 2962.5218723351745, "perimeter": 205.0578619565249, "eccentricity": 0.8278323291940068}