{"shape": "ellipse", "rotation": -181, "hash": -7339145853871133932, "center": [100.0, 100.0], "axes": [31, 26], "area": 2532.123678793373, "perimeter": 179.41541995576756, "eccentricity": 0.5445788069720688}