{"shape": "ellipse", "rotation": 282, "hash": 9215626098302213397, "center": [100.0, 100.0], "axes": [17, 9], "area": 480.66367599923836, "perimeter": 83.62627376885729, "eccentricity": 0.8483650059915269}