{"shape": "ellipse", "rotation": -341, "hash": -3334557535318257967, "center": [100.0, 100.0], "axes": [39, 15], "area": 1837.831702350029, "perimeter": 178.12964602222868, "eccentricity": 0.9230769230769231}