{"shape": "ellipse", "rotation": 202, "hash": -5749872747104817744, "center": [100.0, 100.0], "axes": [35, 7], "area": 769.6902001294993, "perimeter": 147.03922981544542, "eccentricity": 0.9797958971132712}