{"shape": "ellipse", "rotation": -224, "hash": 7701421860351654559, "center": [100.0, 100.0], "axes": [34, 16], "area": 1709.0264035528476, "perimeter": 162.21091842344993, "eccentricity": 0.8823529411764706}