{"shape": "ellipse", "rotation": 167, "hash": 467649170162454474, "center": [100.0, 100.0], "axes": [8, 5], "area": 125.66370614359172, "perimeter": 41.38626361137799, "eccentricity": 0.7806247497997998}