{"shape": "ellipse", "rotation": -156, "hash": -4285324640146439865, "center": [100.0, 100.0], "axes": [43, 35], "area": 4728.096943652638, "perimeter": 245.68908048819148, "eccentricity": 0.5809300463626418}