{"shape": "ellipse", "rotation": -258, "hash": -8263837407555288787, "center": [100.0, 100.0], "axes": [20, 6], "area": 376.99111843077515, "perimeter": 87.71346762909972, "eccentricity": 0.9539392014169457}