{"shape": "ellipse", "rotation": 15, "hash": -3990786271799439943, "center": [100.0, 100.0], "axes": [26, 19], "area": 1551.946770873358, "perimeter": 142.22817804709732, "eccentricity": 0.682624590357648}