{"shape": "ellipse", "rotation": -62, "hash": 171609506651367716, "center": [100.0, 100.0], "axes": [36, 22], "area": 2488.1413816431163, "perimeter": 184.87621399903117, "eccentricity": 0.7915448249319449}