{"shape": "ellipse", "rotation": -121, "hash": -4608731127030253133, "center": [100.0, 100.0], "axes": [27, 5], "area": 424.11500823462205, "perimeter": 112.78343762783597, "eccentricity": 0.9827036415867851}