{"shape": "ellipse", "rotation": 248, "hash": -3070808094695648284, "center": [100.0, 100.0], "axes": [35, 26], "area": 2858.849314766712, "perimeter": 192.68148039655466, "eccentricity": 0.6694499722205705}