{"shape": "ellipse", "rotation": 222, "hash": 9217571468730738554, "center": [100.0, 100.0], "axes": [35, 20], "area": 2199.114857512855, "perimeter": 176.01566537312362, "eccentricity": 0.8206518066482898}