{"shape": "ellipse", "rotation": -290, "hash": 5974858299581226412, "center": [100.0, 100.0], "axes": [44, 43], "area": 5943.893300591888, "perimeter": 273.32758850195364, "eccentricity": 0.2119858875702003}