{"shape": "ellipse", "rotation": 135, "hash": -457015374581893171, "center": [100.0, 100.0], "axes": [43, 10], "area": 1350.884841043611, "perimeter": 183.05331999218274, "eccentricity": 0.9725824961082086}