{"shape": "ellipse", "rotation": -317, "hash": 7088081367787715212, "center": [100.0, 100.0], "axes": [31, 29], "area": 2824.291795577224, "perimeter": 188.54792272955515, "eccentricity": 0.3533693919388169}