{"shape": "ellipse", "rotation": -107, "hash": -5659324242806456821, "center": [100.0, 100.0], "axes": [15, 7], "area": 329.86722862692824, "perimeter": 71.4190343472586, "eccentricity": 0.8844332774281066}