{"shape": "ellipse", "rotation": 39, "hash": -385924834257296031, "center": [100.0, 100.0], "axes": [45, 32], "area": 4523.893421169302, "perimeter": 243.62951222473936, "eccentricity": 0.7030796453136167}