{"shape": "ellipse", "rotation": 323, "hash": -2500084381979912674, "center": [100.0, 100.0], "axes": [39, 24], "area": 2940.5307237600464, "perimeter": 200.7353399986718, "eccentricity": 0.7882269819968922}