{"shape": "ellipse", "rotation": 307, "hash": 7796739910115981075, "center": [100.0, 100.0], "axes": [43, 9], "area": 1215.79635693925, "perimeter": 181.31608065805057, "eccentricity": 0.9778509786804018}