{"shape": "ellipse", "rotation": 339, "hash": 8039531551064255291, "center": [100.0, 100.0], "axes": [41, 24], "area": 3091.327171132356, "perimeter": 207.71058139605174, "eccentricity": 0.8107692750533981}