{"shape": "ellipse", "rotation": -340, "hash": 1916211457102496399, "center": [100.0, 100.0], "axes": [12, 10], "area": 376.99111843077515, "perimeter": 69.25791188150285, "eccentricity": 0.5527707983925667}