{"shape": "ellipse", "rotation": 339, "hash": 346053007329095609, "center": [100.0, 100.0], "axes": [24, 8], "area": 603.1857894892403, "perimeter": 106.91551829788676, "eccentricity": 0.9428090415820634}