{"shape": "ellipse", "rotation": -193, "hash": -5443167094336816317, "center": [100.0, 100.0], "axes": [35, 21], "area": 2309.070600388498, "perimeter": 178.68890475630982, "eccentricity": 0.8}