{"shape": "ellipse", "rotation": -3, "hash": 8972756260444418661, "center": [100.0, 100.0], "axes": [27, 24], "area": 2035.7520395261859, "perimeter": 160.359854995923, "eccentricity": 0.45812284729085123}