{"shape": "ellipse", "rotation": 11, "hash": -5639790547406838780, "center": [100.0, 100.0], "axes": [30, 6], "area": 565.4866776461627, "perimeter": 126.0336255560961, "eccentricity": 0.9797958971132712}