{"shape": "ellipse", "rotation": -27, "hash": -5459886077363645071, "center": [100.0, 100.0], "axes": [31, 24], "area": 2337.344934270806, "perimeter": 173.48802414174025, "eccentricity": 0.6329489313015673}