{"shape": "ellipse", "rotation": -228, "hash": -944357493137938171, "center": [100.0, 100.0], "axes": [41, 40], "area": 5152.2119518872605, "perimeter": 254.47870130676375, "eccentricity": 0.21951219512195116}