{"shape": "ellipse", "rotation": 244, "hash": -838965548592605825, "center": [100.0, 100.0], "axes": [44, 20], "area": 2764.6015351590177, "perimeter": 208.193756186769, "eccentricity": 0.8907235428302466}