{"shape": "ellipse", "rotation": -338, "hash": 777296182438446670, "center": [100.0, 100.0], "axes": [31, 9], "area": 876.5043503515523, "perimeter": 135.35382901367248, "eccentricity": 0.9569288370446016}