{"shape": "ellipse", "rotation": -195, "hash": -7650048673078450147, "center": [100.0, 100.0], "axes": [13, 10], "area": 408.40704496667314, "perimeter": 72.56428823749872, "eccentricity": 0.6389710663783135}