{"shape": "ellipse", "rotation": -121, "hash": 7250871481340351683, "center": [100.0, 100.0], "axes": [35, 8], "area": 879.645943005142, "perimeter": 148.74907361171708, "eccentricity": 0.9735271449943327}