{"shape": "ellipse", "rotation": 290, "hash": -4013754523968947587, "center": [100.0, 100.0], "axes": [16, 15], "area": 753.9822368615503, "perimeter": 97.414709333849, "eccentricity": 0.34798527267687634}