{"shape": "ellipse", "rotation": 359, "hash": -2764203240447927506, "center": [100.0, 100.0], "axes": [20, 20], "area": 1256.6370614359173, "perimeter": 125.66370614359172, "eccentricity": 0.0}