{"shape": "ellipse", "rotation": -199, "hash": 7538358658877933552, "center": [100.0, 100.0], "axes": [38, 8], "area": 955.044166691297, "perimeter": 160.31151589775206, "eccentricity": 0.9775881905793005}