{"shape": "ellipse", "rotation": -348, "hash": -1685032895684619524, "center": [100.0, 100.0], "axes": [37, 29], "area": 3370.9289173018483, "perimeter": 208.10741399890722, "eccentricity": 0.6210337996257328}