{"shape": "ellipse", "rotation": -243, "hash": -8382091362413450449, "center": [100.0, 100.0], "axes": [30, 12], "area": 1130.9733552923253, "perimeter": 138.07687389124538, "eccentricity": 0.916515138991168}