{"shape": "ellipse", "rotation": 254, "hash": -1770601374672063669, "center": [100.0, 100.0], "axes": [26, 25], "area": 2042.0352248333656, "perimeter": 160.23662566713455, "eccentricity": 0.274670324174725}