{"shape": "ellipse", "rotation": 64, "hash": -1902739579531381337, "center": [100.0, 100.0], "axes": [33, 26], "area": 2695.4864967800427, "perimeter": 186.00682126447126, "eccentricity": 0.6158303464515629}