{"shape": "ellipse", "rotation": -180, "hash": 6569821360516978215, "center": [100.0, 100.0], "axes": [35, 28], "area": 3078.7608005179973, "perimeter": 198.53167448978235, "eccentricity": 0.6}