{"shape": "ellipse", "rotation": 260, "hash": -1807717671268705858, "center": [100.0, 100.0], "axes": [27, 6], "area": 508.93800988154646, "perimeter": 114.4483433829725, "eccentricity": 0.9749960430435691}