{"shape": "ellipse", "rotation": 349, "hash": -3416147867475563027, "center": [100.0, 100.0], "axes": [37, 3], "area": 348.71678454846705, "perimeter": 149.49121627846085, "eccentricity": 0.9967075088965284}