{"shape": "ellipse", "rotation": 114, "hash": 5105391487619607227, "center": [100.0, 100.0], "axes": [28, 7], "area": 615.7521601035994, "perimeter": 120.08504152693294, "eccentricity": 0.9682458365518543}