{"shape": "ellipse", "rotation": 359, "hash": 8814415039838324686, "center": [100.0, 100.0], "axes": [7, 3], "area": 65.97344572538566, "perimeter": 32.685387759924325, "eccentricity": 0.9035079029052513}