{"shape": "ellipse", "rotation": -307, "hash": -6794458052008550565, "center": [100.0, 100.0], "axes": [16, 15], "area": 753.9822368615503, "perimeter": 97.414709333849, "eccentricity": 0.34798527267687634}