{"shape": "ellipse", "rotation": 264, "hash": 3229488665909627073, "center": [100.0, 100.0], "axes": [37, 25], "area": 2905.9732045705587, "perimeter": 196.60718611652965, "eccentricity": 0.7371990106478841}