{"shape": "ellipse", "rotation": 262, "hash": 2492905999634298139, "center": [100.0, 100.0], "axes": [15, 9], "area": 424.11500823462205, "perimeter": 76.58095918127565, "eccentricity": 0.8}