{"shape": "ellipse", "rotation": 14, "hash": -4900250302269327019, "center": [100.0, 100.0], "axes": [31, 19], "area": 1850.3980729643881, "perimeter": 159.34978156093504, "eccentricity": 0.7901579815429607}