{"shape": "ellipse", "rotation": -73, "hash": 5699838080315108852, "center": [100.0, 100.0], "axes": [41, 22], "area": 2833.716573537993, "perimeter": 202.44667204817355, "eccentricity": 0.8438460435124973}