{"shape": "ellipse", "rotation": -317, "hash": -3609217695481562616, "center": [100.0, 100.0], "axes": [18, 10], "area": 565.4866776461628, "perimeter": 89.76904393505772, "eccentricity": 0.8314794192830981}