{"shape": "ellipse", "rotation": 38, "hash": 5092533613934978592, "center": [100.0, 100.0], "axes": [33, 6], "area": 622.0353454107791, "perimeter": 137.67129579127962, "eccentricity": 0.9833321660356334}