{"shape": "ellipse", "rotation": -16, "hash": -1761987091599279389, "center": [100.0, 100.0], "axes": [42, 26], "area": 3430.6191777200543, "perimeter": 216.59539606984973, "eccentricity": 0.785353452498602}