{"shape": "ellipse", "rotation": 243, "hash": 3151054079945726756, "center": [100.0, 100.0], "axes": [30, 10], "area": 942.4777960769379, "perimeter": 133.64439787235847, "eccentricity": 0.9428090415820634}