{"shape": "ellipse", "rotation": 296, "hash": 1166590703471037918, "center": [100.0, 100.0], "axes": [36, 20], "area": 2261.946710584651, "perimeter": 179.53808787011545, "eccentricity": 0.8314794192830981}