{"shape": "ellipse", "rotation": -330, "hash": -4901336531569877368, "center": [100.0, 100.0], "axes": [34, 9], "area": 961.3273519984767, "perimeter": 146.7560880730697, "eccentricity": 0.9643291947502942}