{"shape": "ellipse", "rotation": 131, "hash": -8532452742891688195, "center": [100.0, 100.0], "axes": [45, 38], "area": 5372.123437638546, "perimeter": 261.21606535030946, "eccentricity": 0.5356431463641755}