{"shape": "ellipse", "rotation": 97, "hash": -8087059610468362172, "center": [100.0, 100.0], "axes": [38, 17], "area": 2029.4688542190063, "perimeter": 179.14351110188528, "eccentricity": 0.8943497614719172}