{"shape": "ellipse", "rotation": 226, "hash": 1065723052438683553, "center": [100.0, 100.0], "axes": [39, 26], "area": 3185.57495074005, "perimeter": 206.25068848233147, "eccentricity": 0.7453559924999299}