{"shape": "ellipse", "rotation": 121, "hash": -6563693843714943346, "center": [100.0, 100.0], "axes": [41, 27], "area": 3477.7430675239007, "perimeter": 215.89812443221794, "eccentricity": 0.752548713197147}