{"shape": "ellipse", "rotation": 137, "hash": 4327156641979561437, "center": [100.0, 100.0], "axes": [32, 16], "area": 1608.495438637974, "perimeter": 155.0147375627406, "eccentricity": 0.8660254037844386}