{"shape": "ellipse", "rotation": 85, "hash": 1043189935740851587, "center": [100.0, 100.0], "axes": [17, 13], "area": 694.2919764433443, "perimeter": 94.66712508645743, "eccentricity": 0.6443794794178425}