{"shape": "ellipse", "rotation": -141, "hash": 7463895174354267660, "center": [100.0, 100.0], "axes": [12, 5], "area": 188.49555921538757, "perimeter": 55.69538129436375, "eccentricity": 0.9090593428863095}