{"shape": "ellipse", "rotation": 197, "hash": -4006761814617626572, "center": [100.0, 100.0], "axes": [11, 9], "area": 311.0176727053895, "perimeter": 62.98903100215633, "eccentricity": 0.5749595745760689}