{"shape": "ellipse", "rotation": 150, "hash": 4008858876428310261, "center": [100.0, 100.0], "axes": [38, 7], "area": 835.6636458548849, "perimeter": 158.6736666554006, "eccentricity": 0.9828868103675316}