{"shape": "ellipse", "rotation": 247, "hash": -7700185240134596588, "center": [100.0, 100.0], "axes": [40, 33], "area": 4146.9023027385265, "perimeter": 229.8637520950687, "eccentricity": 0.5651327277728657}