{"shape": "ellipse", "rotation": 5, "hash": -5983906998458007360, "center": [100.0, 100.0], "axes": [15, 8], "area": 376.99111843077515, "perimeter": 73.93967116602013, "eccentricity": 0.8459051693633013}