{"shape": "ellipse", "rotation": -315, "hash": 8228038438106675059, "center": [100.0, 100.0], "axes": [38, 8], "area": 955.044166691297, "perimeter": 160.31151589775206, "eccentricity": 0.9775881905793005}