{"shape": "ellipse", "rotation": -122, "hash": -6801370379327989273, "center": [100.0, 100.0], "axes": [20, 18], "area": 1130.9733552923256, "perimeter": 119.46320864553186, "eccentricity": 0.4358898943540673}