{"shape": "ellipse", "rotation": -243, "hash": -4403087068141885425, "center": [100.0, 100.0], "axes": [27, 4], "area": 339.29200658769764, "perimeter": 111.28766292105435, "eccentricity": 0.9889651794680511}