{"shape": "ellipse", "rotation": 6, "hash": 6763529237223257933, "center": [100.0, 100.0], "axes": [26, 5], "area": 408.40704496667314, "perimeter": 108.90256143613385, "eccentricity": 0.9813346786286979}