{"shape": "ellipse", "rotation": -196, "hash": 5635154853782039907, "center": [100.0, 100.0], "axes": [28, 23], "area": 2023.1856689118267, "perimeter": 160.606455991774, "eccentricity": 0.5703114079525469}