{"shape": "ellipse", "rotation": -258, "hash": -2815765318785018084, "center": [100.0, 100.0], "axes": [30, 26], "area": 2450.4422698000385, "perimeter": 176.15365967791155, "eccentricity": 0.4988876515698589}