{"shape": "ellipse", "rotation": -99, "hash": -7074212218905105250, "center": [100.0, 100.0], "axes": [35, 2], "area": 219.9114857512855, "perimeter": 140.6351791442915, "eccentricity": 0.9983660119803514}