{"shape": "ellipse", "rotation": 217, "hash": 8962995986789883071, "center": [100.0, 100.0], "axes": [36, 19], "area": 2148.8493750554185, "perimeter": 176.93944713277037, "eccentricity": 0.8493824917455919}