{"shape": "ellipse", "rotation": -17, "hash": 6847813772511502564, "center": [100.0, 100.0], "axes": [26, 11], "area": 898.495498926681, "perimeter": 121.06509290063363, "eccentricity": 0.9060937684145959}