{"shape": "ellipse", "rotation": -216, "hash": 3496384453299448076, "center": [100.0, 100.0], "axes": [26, 13], "area": 1061.85831691335, "perimeter": 125.94947426972676, "eccentricity": 0.8660254037844386}