{"shape": "ellipse", "rotation": -34, "hash": -5489773403956420269, "center": [100.0, 100.0], "axes": [27, 20], "area": 1696.4600329384882, "perimeter": 148.4748124289196, "eccentricity": 0.6717910054524835}