{"shape": "ellipse", "rotation": 130, "hash": -1420310893861746715, "center": [100.0, 100.0], "axes": [26, 14], "area": 1143.539725906685, "perimeter": 128.50722532457195, "eccentricity": 0.8426500884694864}