{"shape": "ellipse", "rotation": 70, "hash": -5917157824488511018, "center": [100.0, 100.0], "axes": [38, 13], "area": 1551.9467708733578, "perimeter": 169.9952652487199, "eccentricity": 0.9396616353345855}