{"shape": "ellipse", "rotation": -305, "hash": 2819533911697940054, "center": [100.0, 100.0], "axes": [37, 22], "area": 2557.256420022092, "perimeter": 188.3613276291031, "eccentricity": 0.8040256638185684}