{"shape": "ellipse", "rotation": -139, "hash": -7182921456052940957, "center": [100.0, 100.0], "axes": [26, 24], "area": 1960.353815840031, "perimeter": 157.1424708170037, "eccentricity": 0.3846153846153846}