{"shape": "ellipse", "rotation": -210, "hash": -2520570736312984983, "center": [100.0, 100.0], "axes": [38, 30], "area": 3581.415625092364, "perimeter": 214.3681392691147, "eccentricity": 0.6137844099837158}