{"shape": "ellipse", "rotation": -236, "hash": 3395602880343704320, "center": [100.0, 100.0], "axes": [39, 5], "area": 612.6105674500096, "perimeter": 159.69816413379277, "eccentricity": 0.9917476720930111}