{"shape": "ellipse", "rotation": -163, "hash": 4376967309255476705, "center": [100.0, 100.0], "axes": [23, 6], "area": 433.53978619539146, "perimeter": 99.10882079778584, "eccentricity": 0.9653740570075877}