{"shape": "ellipse", "rotation": -236, "hash": 5743973607658674396, "center": [100.0, 100.0], "axes": [40, 34], "area": 4272.566008882119, "perimeter": 232.8600990805952, "eccentricity": 0.5267826876426369}