{"shape": "ellipse", "rotation": -108, "hash": -1597816939247554311, "center": [100.0, 100.0], "axes": [9, 8], "area": 226.1946710584651, "perimeter": 53.453284998640996, "eccentricity": 0.45812284729085123}