{"shape": "ellipse", "rotation": -341, "hash": 2067937773596827743, "center": [100.0, 100.0], "axes": [31, 22], "area": 2142.5661897482387, "perimeter": 167.70690724604793, "eccentricity": 0.7045267634787599}