{"shape": "ellipse", "rotation": 130, "hash": -8465662265210714915, "center": [100.0, 100.0], "axes": [32, 7], "area": 703.7167544041137, "perimeter": 135.44962322295612, "eccentricity": 0.9757809372497497}