{"shape": "ellipse", "rotation": -19, "hash": -4041069299380521338, "center": [100.0, 100.0], "axes": [20, 12], "area": 753.9822368615503, "perimeter": 102.10794557503418, "eccentricity": 0.8}