{"shape": "ellipse", "rotation": -109, "hash": -2703255010936979507, "center": [100.0, 100.0], "axes": [39, 22], "area": 2695.486496780042, "perimeter": 195.37637655112317, "eccentricity": 0.8257047275951086}