{"shape": "ellipse", "rotation": 170, "hash": -8733741479732163045, "center": [100.0, 100.0], "axes": [13, 7], "area": 285.8849314766712, "perimeter": 64.25361266228597, "eccentricity": 0.8426500884694864}