{"shape": "ellipse", "rotation": -343, "hash": 3107636930633208044, "center": [100.0, 100.0], "axes": [40, 17], "area": 2136.2830044410593, "perimeter": 186.4355513895856, "eccentricity": 0.9051933495115836}