{"shape": "ellipse", "rotation": -320, "hash": 5643533660946982963, "center": [100.0, 100.0], "axes": [26, 15], "area": 1225.2211349000195, "perimeter": 131.13370378815705, "eccentricity": 0.8167984839075116}