{"shape": "ellipse", "rotation": -139, "hash": 1741380532277399798, "center": [100.0, 100.0], "axes": [35, 34], "area": 3738.4952577718536, "perimeter": 216.78127582920263, "eccentricity": 0.23733211036908788}