{"shape": "ellipse", "rotation": -287, "hash": 4881597510132651315, "center": [100.0, 100.0], "axes": [40, 10], "area": 1256.6370614359173, "perimeter": 171.55005932418993, "eccentricity": 0.9682458365518543}