{"shape": "ellipse", "rotation": 353, "hash": -708313805401151105, "center": [100.0, 100.0], "axes": [30, 12], "area": 1130.9733552923253, "perimeter": 138.07687389124538, "eccentricity": 0.916515138991168}