{"shape": "ellipse", "rotation": 212, "hash": 7500178853732240138, "center": [100.0, 100.0], "axes": [12, 9], "area": 339.29200658769764, "perimeter": 66.31047537275022, "eccentricity": 0.6614378277661477}