{"shape": "ellipse", "rotation": -93, "hash": 6663864504714326826, "center": [100.0, 100.0], "axes": [36, 9], "area": 1017.8760197630929, "perimeter": 154.39505339177092, "eccentricity": 0.9682458365518543}