{"shape": "ellipse", "rotation": 68, "hash": -6581813678287645683, "center": [100.0, 100.0], "axes": [35, 17], "area": 1869.2476288859268, "perimeter": 168.29366006764292, "eccentricity": 0.8741176309016203}