{"shape": "ellipse", "rotation": -64, "hash": -5798889087559982863, "center": [100.0, 100.0], "axes": [43, 22], "area": 2971.946650295944, "perimeter": 209.5673702148625, "eccentricity": 0.8592071256702868}