{"shape": "ellipse", "rotation": -312, "hash": 5596048817487506564, "center": [100.0, 100.0], "axes": [21, 19], "area": 1253.4954687823274, "perimeter": 125.7422582356142, "eccentricity": 0.42591770999996}