{"shape": "ellipse", "rotation": 59, "hash": 7192646129213884238, "center": [100.0, 100.0], "axes": [21, 14], "area": 923.6282401553992, "perimeter": 111.05806302894774, "eccentricity": 0.7453559924999299}