{"shape": "ellipse", "rotation": 77, "hash": -444611424316983856, "center": [100.0, 100.0], "axes": [41, 34], "area": 4379.380159104171, "perimeter": 236.1328554929729, "eccentricity": 0.5588506945068097}