{"shape": "ellipse", "rotation": -135, "hash": -9170369061145498609, "center": [100.0, 100.0], "axes": [30, 8], "area": 753.9822368615503, "perimeter": 129.60284261572497, "eccentricity": 0.9637888196533974}