{"shape": "ellipse", "rotation": -78, "hash": -2460818032403891895, "center": [100.0, 100.0], "axes": [26, 21], "area": 1715.3095888600271, "perimeter": 148.0729156172469, "eccentricity": 0.5896042198752266}