{"shape": "ellipse", "rotation": 296, "hash": -4048288009969046320, "center": [100.0, 100.0], "axes": [41, 2], "area": 257.610597594363, "perimeter": 164.46693517396142, "eccentricity": 0.9988095233874765}