{"shape": "ellipse", "rotation": 1, "hash": -5301897843352772736, "center": [100.0, 100.0], "axes": [31, 8], "area": 779.1149780902687, "perimeter": 133.41755775258193, "eccentricity": 0.9661276859272218}