{"shape": "ellipse", "rotation": 50, "hash": -8781390847323356548, "center": [100.0, 100.0], "axes": [44, 25], "area": 3455.751918948772, "perimeter": 220.89866519872035, "eccentricity": 0.8229030450105306}