{"shape": "ellipse", "rotation": -248, "hash": -1953015632368505008, "center": [100.0, 100.0], "axes": [18, 6], "area": 339.29200658769764, "perimeter": 80.18663872341509, "eccentricity": 0.9428090415820634}