{"shape": "ellipse", "rotation": 357, "hash": -58114234715364964, "center": [100.0, 100.0], "axes": [10, 9], "area": 282.7433388230814, "perimeter": 59.73160432276593, "eccentricity": 0.4358898943540673}