{"shape": "ellipse", "rotation": 32, "hash": 582951239196365993, "center": [100.0, 100.0], "axes": [30, 14], "area": 1319.468914507713, "perimeter": 142.8380686945172, "eccentricity": 0.8844332774281066}