{"shape": "ellipse", "rotation": 69, "hash": 3627589929124748014, "center": [100.0, 100.0], "axes": [44, 21], "area": 2902.8316119169685, "perimeter": 210.6462734508612, "eccentricity": 0.8787552240536911}