{"shape": "ellipse", "rotation": -273, "hash": -117190940691792940, "center": [100.0, 100.0], "axes": [31, 12], "area": 1168.672467135403, "perimeter": 141.76466111566845, "eccentricity": 0.9220390921262227}