{"shape": "ellipse", "rotation": -181, "hash": -9147983555229630759, "center": [100.0, 100.0], "axes": [25, 9], "area": 706.8583470577034, "perimeter": 112.8119326203805, "eccentricity": 0.9329523031752481}