{"shape": "ellipse", "rotation": -140, "hash": -8459200744311283560, "center": [100.0, 100.0], "axes": [31, 8], "area": 779.1149780902687, "perimeter": 133.41755775258193, "eccentricity": 0.9661276859272218}