{"shape": "ellipse", "rotation": -292, "hash": 2763847883941308809, "center": [100.0, 100.0], "axes": [34, 28], "area": 2990.7962062174834, "perimeter": 195.23504941027602, "eccentricity": 0.5672735741760562}