{"shape": "ellipse", "rotation": 302, "hash": 1410555409141065227, "center": [100.0, 100.0], "axes": [34, 29], "area": 3097.610356439536, "perimeter": 198.23212590610905, "eccentricity": 0.5220070396852603}