{"shape": "ellipse", "rotation": -76, "hash": 5766127086237247665, "center": [100.0, 100.0], "axes": [41, 6], "area": 772.831792783089, "perimeter": 168.88873688076774, "eccentricity": 0.9892341361304023}