{"shape": "ellipse", "rotation": -208, "hash": -1780859147193220682, "center": [100.0, 100.0], "axes": [23, 12], "area": 867.0795723907829, "perimeter": 112.68794915301983, "eccentricity": 0.8531050813195037}