{"shape": "ellipse", "rotation": 23, "hash": 8342250881882620605, "center": [100.0, 100.0], "axes": [29, 22], "area": 2004.336112990288, "perimeter": 160.9767141548736, "eccentricity": 0.6515325388859029}