{"shape": "ellipse", "rotation": -179, "hash": -8769194054958269511, "center": [100.0, 100.0], "axes": [43, 21], "area": 2836.858166191583, "perimeter": 207.04602882727292, "eccentricity": 0.8726354901997079}