{"shape": "ellipse", "rotation": -15, "hash": 8210265390435820359, "center": [100.0, 100.0], "axes": [33, 20], "area": 2073.4511513692637, "perimeter": 169.0182820246313, "eccentricity": 0.7954184696004053}