{"shape": "ellipse", "rotation": 304, "hash": -8365444050465594279, "center": [100.0, 100.0], "axes": [20, 13], "area": 816.8140899333462, "perimeter": 104.84205301311876, "eccentricity": 0.7599342076785331}