{"shape": "ellipse", "rotation": -334, "hash": -6306620414408631041, "center": [100.0, 100.0], "axes": [42, 26], "area": 3430.6191777200543, "perimeter": 216.59539606984973, "eccentricity": 0.785353452498602}