{"shape": "ellipse", "rotation": -21, "hash": 5870133780006777820, "center": [100.0, 100.0], "axes": [26, 25], "area": 2042.0352248333656, "perimeter": 160.23662566713455, "eccentricity": 0.274670324174725}