{"shape": "ellipse", "rotation": 309, "hash": 6629908908497183991, "center": [100.0, 100.0], "axes": [21, 6], "area": 395.84067435231395, "perimeter": 91.49935916791325, "eccentricity": 0.9583148474999099}