{"shape": "ellipse", "rotation": -36, "hash": -8487285873348216617, "center": [100.0, 100.0], "axes": [40, 23], "area": 2890.26524130261, "perimeter": 201.53974260010207, "eccentricity": 0.8181534085976786}