{"shape": "ellipse", "rotation": -274, "hash": 3935134612238460128, "center": [100.0, 100.0], "axes": [12, 12], "area": 452.3893421169302, "perimeter": 75.39822368615503, "eccentricity": 0.0}