{"shape": "ellipse", "rotation": 128, "hash": 5948149824423414191, "center": [100.0, 100.0], "axes": [24, 19], "area": 1432.5662500369456, "perimeter": 135.54549747023216, "eccentricity": 0.6109532624422991}