{"shape": "ellipse", "rotation": 42, "hash": -8938213110450918153, "center": [100.0, 100.0], "axes": [43, 7], "area": 945.6193887305277, "perimeter": 178.14328785796528, "eccentricity": 0.9866606249114617}