{"shape": "ellipse", "rotation": 272, "hash": -4569636397122358824, "center": [100.0, 100.0], "axes": [36, 26], "area": 2940.5307237600464, "perimeter": 196.04758213549573, "eccentricity": 0.6916610887771518}