{"shape": "ellipse", "rotation": 278, "hash": -7000703699717355789, "center": [100.0, 100.0], "axes": [31, 21], "area": 2045.1768174869553, "perimeter": 164.87670638302743, "eccentricity": 0.7355970484510568}