{"shape": "ellipse", "rotation": 167, "hash": -4653511479895773318, "center": [100.0, 100.0], "axes": [41, 38], "area": 4894.601354292898, "perimeter": 248.27530343961095, "eccentricity": 0.37548303215465}