{"shape": "ellipse", "rotation": 263, "hash": -6434219476435676371, "center": [100.0, 100.0], "axes": [29, 8], "area": 728.849495632832, "perimeter": 125.79648901778883, "eccentricity": 0.961197232052852}