{"shape": "ellipse", "rotation": 334, "hash": 8193815498324193189, "center": [100.0, 100.0], "axes": [44, 22], "area": 3041.0616886749194, "perimeter": 213.14526414876832, "eccentricity": 0.8660254037844386}