{"shape": "ellipse", "rotation": 44, "hash": -9127867858871730463, "center": [100.0, 100.0], "axes": [12, 11], "area": 414.6902302738527, "perimeter": 72.2907828142226, "eccentricity": 0.39965262694272663}