{"shape": "ellipse", "rotation": 324, "hash": -6721737861793369860, "center": [100.0, 100.0], "axes": [32, 25], "area": 2513.2741228718346, "perimeter": 179.7465857101581, "eccentricity": 0.624218261107443}