{"shape": "ellipse", "rotation": 201, "hash": 7102470746635486446, "center": [100.0, 100.0], "axes": [38, 28], "area": 3342.6545834195394, "perimeter": 208.53682468250358, "eccentricity": 0.6760648725613225}