{"shape": "ellipse", "rotation": 115, "hash": 5226150935466096487, "center": [100.0, 100.0], "axes": [12, 2], "area": 75.39822368615503, "perimeter": 49.783582058165166, "eccentricity": 0.9860132971832694}