{"shape": "ellipse", "rotation": 95, "hash": 7805107284175438649, "center": [100.0, 100.0], "axes": [19, 15], "area": 895.353906273091, "perimeter": 107.18406963455735, "eccentricity": 0.6137844099837158}