{"shape": "ellipse", "rotation": -162, "hash": -756490579718100983, "center": [100.0, 100.0], "axes": [29, 16], "area": 1457.698991265664, "perimeter": 144.3368237651397, "eccentricity": 0.8340266636170913}