{"shape": "ellipse", "rotation": 265, "hash": -188126213980475866, "center": [100.0, 100.0], "axes": [10, 7], "area": 219.9114857512855, "perimeter": 53.82368660191569, "eccentricity": 0.714142842854285}