{"shape": "ellipse", "rotation": -83, "hash": 9188849838001818801, "center": [100.0, 100.0], "axes": [29, 19], "area": 1731.0175521279762, "perimeter": 152.4371563933876, "eccentricity": 0.7554793896622981}