{"shape": "ellipse", "rotation": 49, "hash": 2306306439369361076, "center": [100.0, 100.0], "axes": [25, 15], "area": 1178.0972450961724, "perimeter": 127.63493196879274, "eccentricity": 0.8}