{"shape": "ellipse", "rotation": 39, "hash": -1821420457394868901, "center": [100.0, 100.0], "axes": [33, 29], "area": 3006.504169485432, "perimeter": 194.98148067423477, "eccentricity": 0.4772125984249583}