{"shape": "ellipse", "rotation": 124, "hash": 5057158874822510150, "center": [100.0, 100.0], "axes": [44, 15], "area": 2073.4511513692632, "perimeter": 196.72357111543403, "eccentricity": 0.9400962672702925}