{"shape": "ellipse", "rotation": 78, "hash": -4101478178008548880, "center": [100.0, 100.0], "axes": [30, 28], "area": 2638.937829015426, "perimeter": 182.2665433247564, "eccentricity": 0.35901098714230034}