{"shape": "ellipse", "rotation": 205, "hash": -3430106649133783828, "center": [100.0, 100.0], "axes": [16, 15], "area": 753.9822368615503, "perimeter": 97.414709333849, "eccentricity": 0.34798527267687634}