{"shape": "ellipse", "rotation": 150, "hash": -7451066053370150616, "center": [100.0, 100.0], "axes": [19, 2], "area": 119.38052083641213, "perimeter": 77.26518191287448, "eccentricity": 0.9944444014574307}