{"shape": "ellipse", "rotation": 261, "hash": 5636256513998015151, "center": [100.0, 100.0], "axes": [40, 18], "area": 2261.946710584651, "perimeter": 188.82640599502045, "eccentricity": 0.8930285549745876}