{"shape": "ellipse", "rotation": -123, "hash": -7798473250548000735, "center": [100.0, 100.0], "axes": [13, 12], "area": 490.08845396000777, "perimeter": 78.57123540850185, "eccentricity": 0.3846153846153846}