{"shape": "ellipse", "rotation": 24, "hash": -5267447723278050578, "center": [100.0, 100.0], "axes": [26, 10], "area": 816.8140899333463, "perimeter": 118.75309734815244, "eccentricity": 0.9230769230769231}