{"shape": "ellipse", "rotation": 301, "hash": 3885230823241192166, "center": [100.0, 100.0], "axes": [38, 22], "area": 2626.371458401067, "perimeter": 191.86161873146966, "eccentricity": 0.8153649149910351}