{"shape": "ellipse", "rotation": -52, "hash": -7116309043088379351, "center": [100.0, 100.0], "axes": [25, 8], "area": 628.3185307179587, "perimeter": 110.66877428258705, "eccentricity": 0.9474175425861608}