{"shape": "ellipse", "rotation": -233, "hash": 7295190273152321008, "center": [100.0, 100.0], "axes": [12, 2], "area": 75.39822368615503, "perimeter": 49.783582058165166, "eccentricity": 0.9860132971832694}