{"shape": "ellipse", "rotation": -329, "hash": -4537269171385891845, "center": [100.0, 100.0], "axes": [36, 17], "area": 1922.6547039969535, "perimeter": 171.89768305008207, "eccentricity": 0.8814795362568016}