{"shape": "ellipse", "rotation": 139, "hash": 1812356627464439295, "center": [100.0, 100.0], "axes": [31, 15], "area": 1460.8405839192537, "perimeter": 148.91773342340147, "eccentricity": 0.8751393526613249}