{"shape": "ellipse", "rotation": -25, "hash": 8820103802516658, "center": [100.0, 100.0], "axes": [29, 5], "area": 455.53093477052005, "perimeter": 120.56208991100686, "eccentricity": 0.9850246108334966}