{"shape": "ellipse", "rotation": -195, "hash": 4609921581100918237, "center": [100.0, 100.0], "axes": [38, 18], "area": 2148.8493750554185, "perimeter": 181.58462553996566, "eccentricity": 0.8806947647727111}