{"shape": "ellipse", "rotation": -100, "hash": 4933410998196302026, "center": [100.0, 100.0], "axes": [32, 12], "area": 1206.3715789784806, "perimeter": 145.4647212268825, "eccentricity": 0.9270248108869579}