{"shape": "ellipse", "rotation": 284, "hash": -9124805150444363766, "center": [100.0, 100.0], "axes": [36, 17], "area": 1922.6547039969535, "perimeter": 171.89768305008207, "eccentricity": 0.8814795362568016}