{"shape": "ellipse", "rotation": 331, "hash": -4158553629706006608, "center": [100.0, 100.0], "axes": [23, 19], "area": 1372.8759896187396, "perimeter": 132.24626055780826, "eccentricity": 0.5635426694267704}